Player,Pos,Team,APY,GS,QBrec,Att,TD%,Int%,Succ%,Y/G,Rate,QBR,Sk%,ANY/A,EPA/Play,Pass EPA,Rush EPA,ADoT,Time To Throw,IAY/PA,Bad%,Prss%,OnTgt%,SoS,ANY/A_z,EPA/Play_z,QBR_z,Succ%_z,Int%_z,Sk%_z,Att_z,Rush EPA_z,TD%_z,IAY/PA_z,Bad%_z,Prss%_z,OnTgt%_z,SoS_z,Composite_Z,Final_Grade,Salary_Cluster,Contract_Tier,Market Value,APYM,Value Diff
Jordan Love,QB,GB,55000000,15.0,9,439.0,5.2,1.4,50.2,225.4,101.2,73.1,4.57,7.4,0.24,108.51,12.34,9.42,2.72,8.7,14.6,22.1,77.4,-0.8,1.1545210483089383,1.6013122611877528,1.4369431067463867,0.9624031102394992,-0.7214841942141536,-1.0507450965432998,0.4060553003088228,0.38755578230640864,0.4998531419684124,1.0513337198912909,-0.3166245677600603,0.24292516470259184,1.124832952630257,-0.560519025055208,1.187246181355672,93.5,1,Franchise/Elite,62.0,55.0,7.0
Matthew Stafford,QB,LAR,40000000,17.0,12,597.0,7.7,1.3,54.4,276.9,109.2,71.0,3.71,8.25,0.17,140.93,-31.84,9.34,2.64,9.0,17.5,17.2,68.0,2.4,1.8467683009899771,1.0816811300738465,1.2931835990160885,1.7654679571943115,-0.8176820867760406,-1.414871671302429,1.4903945247954817,-2.78140824808393,2.503081382681517,1.3476828221425279,0.6929270645220146,-0.927894481568914,-0.6848005017235563,1.3911327098520445,1.1104237048893002,91.05,2,Bridge/Mid,60.87,40.0,20.87
Brock Purdy,QB,SF,53000000,9.0,7,284.0,7.0,3.5,55.3,240.8,100.5,73.1,3.73,7.0,0.23,58.79,16.19,7.9,3.01,7.5,10.8,19.5,73.6,2.1,0.8287576352825665,1.527079242457195,1.4369431067463867,1.937553281541771,1.2986715495854766,-1.4064036114243097,-0.6576952047255578,0.6637104114825699,1.9421774752818475,-0.13406268911365313,-1.639485327302089,-0.37832607617616637,0.3932790029978625,1.2081653597044897,1.1089213990132856,91.0,1,Franchise/Elite,60.85,53.0,7.85
Josh Allen,QB,BUF,55000000,17.0,12,460.0,5.4,2.2,48.2,215.8,102.2,64.7,8.0,6.84,0.17,65.66,38.77,7.55,2.74,7.3,13.0,18.0,79.9,-2.3,0.6984522700720179,1.0816811300738465,0.8619050758251926,0.5799912783562549,0.04809894628094383,0.4015271725541556,0.5501763364747712,2.2833393794819785,0.660111401225461,-0.3316287572811441,-0.8736185717777566,-0.736740253606219,1.6061184458094622,-1.4753557757929825,0.7493663978965982,79.55,1,Franchise/Elite,55.56,55.0,0.56
Dak Prescott,QB,DAL,60000000,17.0,7,600.0,5.0,1.7,48.2,267.8,99.5,70.6,4.91,7.12,0.14,103.52,-9.43,8.23,2.67,8.0,12.3,21.0,73.6,-1.8,0.926486659190478,0.8589820738821723,1.2658008356388883,0.5799912783562549,-0.4328905165284921,-0.9067880786152723,1.51098324424776,-1.1739731208533397,0.3395948827113639,0.35985248130507386,-1.1173034485354987,-0.01991189874611375,0.3932790029978625,-1.1704101922137244,0.7047638472122995,78.12,1,Franchise/Elite,54.9,60.0,-5.1
Sam Darnold,QB,SEA,33500000,17.0,14,477.0,5.2,2.9,50.0,238.1,99.1,56.6,5.36,7.4,0.09,60.74,-12.97,8.3,2.71,7.8,14.0,20.5,74.7,1.6,1.1545210483089383,0.48781698022938175,0.3074041174368975,0.9241619270511742,0.7214841942141536,-0.7162567313575886,0.6668457467043484,-1.4278919227451867,0.4998531419684124,0.1622864131375829,-0.5254973192666964,-0.13938329122279797,0.6050446199967145,0.9032197761252315,0.5987748062466353,74.75,2,Bridge/Mid,53.35,33.5,19.85
Jared Goff,QB,DET,53000000,17.0,9,578.0,5.9,1.4,48.7,268.5,105.5,58.0,6.17,7.51,0.14,106.46,-14.42,6.82,2.54,6.4,14.9,22.7,71.5,-0.1,1.24410598689119,0.8589820738821723,0.40324378925709653,0.675594236327066,-0.7214841942141536,-0.3733003062937581,1.359999301597719,-1.531898211655689,1.0607570493680818,-1.2206760640348522,-0.212188192006742,0.38629083567461237,-0.01100081127266888,-0.1335952080442465,0.5795841945544823,74.14,1,Franchise/Elite,53.06,53.0,0.06
Patrick Mahomes,QB,KC,45000000,14.0,6,502.0,4.4,2.2,47.9,256.2,89.6,68.8,6.34,6.23,0.16,67.09,29.16,8.56,2.66,7.9,17.9,24.0,74.3,-0.1,0.20166306520680205,1.0074481113432883,1.1425784004414896,0.5226295035737674,0.04809894628094383,-0.3013217973297443,0.8384184088066678,1.5940287336682353,-0.1411798950597809,0.26106944722132885,0.8321755655264382,0.6969164561139916,0.5280389410880406,-0.1335952080442465,0.553983889773738,73.32,2,Bridge/Mid,52.69,45.0,7.69
Trevor Lawrence,QB,JAX,55000000,17.0,13,560.0,5.2,2.1,45.8,235.7,91.0,58.3,6.82,6.32,0.09,34.88,25.79,8.96,2.68,8.7,13.6,20.5,69.5,0.6,0.2749598331377355,0.48781698022938175,0.42378086178999613,0.12109708009636061,-0.048098946280943404,-0.09808836025488152,1.236466984884049,1.3523037725452058,0.4998531419684124,1.0513337198912909,-0.6647458202711206,-0.13938329122279797,-0.3960292058160332,0.29332860896671503,0.4945220125728986,71.42,1,Franchise/Elite,51.81,55.0,-3.19
Lamar Jackson,QB,BAL,52000000,13.0,6,302.0,7.0,2.3,46.2,196.1,103.8,62.8,10.65,7.14,0.07,6.43,20.61,9.13,2.89,8.8,17.2,22.6,68.0,-0.4,0.9427748298417963,0.33935094276826566,0.7318369497834933,0.19757944647301057,0.14429683884283062,1.5235451064049597,-0.5341628880118877,0.9807502714718251,1.9421774752818475,1.1501167539750379,0.5884906887686963,0.36239655717927605,-0.6848005017235563,-0.3165625581918014,0.4897209042914521,71.27,1,Franchise/Elite,51.74,52.0,-0.26
Jalen Hurts,QB,PHI,51000000,16.0,11,454.0,5.5,1.3,43.2,201.5,98.5,55.9,6.58,6.73,0.07,27.26,16.68,9.54,2.8,9.0,16.7,20.0,74.0,-0.4,0.6088673314897662,0.33935094276826566,0.2594842815267977,-0.3760383013518559,-0.8176820867760406,-0.19970507879231292,0.5089988975702144,0.6988573642868086,0.7402405308539848,1.3476828221425279,0.41443006251316616,-0.25885468369948217,0.4702846819065365,-0.3165625581918014,0.47105279868776156,70.68,1,Franchise/Elite,51.47,51.0,0.47
Joe Burrow,QB,CIN,55000000,8.0,5,259.0,6.6,1.9,51.8,226.1,100.7,63.2,6.16,6.56,0.11,29.46,3.57,7.53,2.67,7.2,10.0,20.3,63.1,-0.5,0.47041788095355774,0.636283017690498,0.7592197131606935,1.2683325757460935,-0.24049473140471786,-0.3775343362328176,-0.8292678668278772,-0.2415029444143536,1.6216609567677505,-0.43041179136488916,-1.9179823293109375,-0.18717184821347146,-1.6281200683547985,-0.37755167490765307,0.4458698421444627,69.87,1,Franchise/Elite,51.09,55.0,-3.91
Justin Herbert,QB,LAC,52500000,16.0,11,512.0,5.1,2.5,47.2,232.9,94.1,60.8,9.54,5.94,0.03,4.51,14.84,8.12,2.74,7.8,15.2,29.8,76.4,-0.8,-0.03451540923731722,0.04241886784603326,0.5949231328974945,0.38878536241463274,0.3366926239666051,1.0535677831693393,0.9070474736475956,0.5668769700831368,0.4197240123398878,0.1622864131375829,-0.10775181625342427,2.0827846088435287,0.9323187553585747,-0.560519025055208,0.2611210187331537,63.99,1,Franchise/Elite,48.38,52.5,-4.12
Baker Mayfield,QB,TB,33333333,17.0,8,543.0,4.8,2.0,42.5,217.2,90.6,60.9,6.22,6.02,0.05,-1.84,35.72,8.34,2.71,8.0,15.1,13.8,70.3,0.8,0.03063727336795639,0.19088490530714944,0.6017688237417946,-0.5098824425109919,-0.14429683884283062,-0.35213015659846,1.1197975746544717,2.0645675303943696,0.1793366234543154,0.35985248130507386,-0.14256394150453017,-1.7402999504103662,-0.242017847998688,0.41530684239841836,0.17048471795896775,61.1,2,Bridge/Mid,47.05,33.333333,13.72
Kirk Cousins,QB,ATL,45000000,8.0,5,269.0,3.7,1.9,44.3,172.1,84.8,48.1,4.61,5.73,-0.02,-3.6,-2.49,7.33,2.59,7.0,13.7,20.4,64.7,0.1,-0.20554120107616214,-0.32874622580675716,-0.27447960432859725,-0.16571179381607262,-0.24049473140471786,-1.0338089767870613,-0.7606388019869494,-0.6761775035851425,-0.7020838024594503,-0.6279778595323802,-0.6299336950200147,-0.16327756971813515,-1.320097352720107,-0.011616974612543197,-0.3413067389778039,44.79,2,Bridge/Mid,19.79,45.0,-25.21
Tua Tagovailoa,QB,MIA,53100000,14.0,6,384.0,5.2,3.9,46.4,190.0,88.5,37.0,7.25,5.29,0.0,9.11,-7.47,7.07,2.56,6.7,15.9,21.9,77.0,-1.8,-0.5638809554051709,-0.18028018834564097,-1.0343512880458905,0.23582062966133419,1.683463119833025,0.08397492712468277,0.028595443683720037,-1.033385309636385,0.4998531419684124,-0.9243269617836162,0.1359330605043183,0.1951366077119175,1.0478272737215828,-1.1704101922137244,-0.4096168686972696,42.61,1,Franchise/Elite,17.61,53.1,-35.49
Geno Smith,QB,LV,37500000,15.0,2,448.0,4.2,3.8,45.3,201.7,84.7,34.2,10.93,4.44,-0.14,-73.03,-1.67,6.46,2.61,6.1,11.4,22.8,77.0,0.7,-1.2561282080862097,-1.2195424505734542,-1.2260306316862886,0.02549412212554953,1.5872652272711378,1.6420979446986292,0.46782145866565783,-0.6173601539943756,-0.3014381543168294,-1.517025166286089,-1.4306125757954529,0.41018511416994957,1.0478272737215828,0.35431772568256664,-0.7910501732062973,30.46,2,Bridge/Mid,8.86,37.5,-28.64
Kyler Murray,QB,ARI,46100000,5.0,2,161.0,3.7,1.9,44.1,192.4,88.6,46.8,9.04,4.72,0.05,5.72,4.09,5.99,2.51,5.9,15.9,16.5,75.2,3.4,-1.0280938189677504,0.19088490530714944,-0.36347358530449675,-0.20395297700439624,-0.24049473140471786,0.8418662862163575,-1.5018327022689695,-0.20420413735679416,-0.7020838024594503,-1.7145912344535792,0.1359330605043183,-1.0951544310362715,0.7013017186325556,2.001023877010561,-0.2663876345363382,30.38,1,Franchise/Elite,8.84,46.1,-37.26
Deshaun Watson,QB,CLE,46000000,0.0,,0.0,0.0,0.0,0.0,,55.8,8.9,0.0,1.6660000000000004,0.0,0.0,0.0,7.579102564102565,2.556923076923077,4.8,14.510526315789477,18.19078947368421,22.1,-1.5,-3.0,-3.0,-3.0,-3.0,-3.0,-3.0,-3.0,-3.0,-3.0,-3.0,-3.0,-3.0,-3.0,-3.0,-2.746867645837402,0.0,1,Franchise/Elite,1.2,46.0,-44.8
Drake Maye,QB,NE,9159941,17.0,14,492.0,6.3,1.6,54.7,258.5,113.5,77.2,8.72,8.26,0.26,159.8,10.16,9.51,2.81,9.1,13.5,21.0,75.7,-4.5,1.8549123863156363,1.7497782986488692,1.717616431362685,1.822829731976799,-0.5290884090903791,0.7063773281664497,0.7697893439657401,0.2311877065651017,1.3812735678821781,1.4464658562262729,-0.6995579455222265,-0.01991189874611375,0.7975588172683966,-2.817116343541719,1.3912518954631399,100.0,0,Rookie/Cheap,65.0,9.159941,55.84
Daniel Jones,QB,IND,14000000,13.0,8,384.0,4.9,2.1,52.0,238.5,100.2,63.7,5.42,7.3,0.17,60.23,16.18,8.24,2.55,8.0,12.1,20.3,78.0,1.8,1.073080195052345,1.0816811300738465,0.7934481673821931,1.3065737589344184,-0.048098946280943404,-0.6908525517232309,0.028595443683720037,0.6629931267314629,0.25946575308284,0.35985248130507386,-1.186927699037711,-0.18717184821347146,1.240341470993265,1.0251980095569349,1.0298436349625248,88.48,0,Rookie/Cheap,59.68,14.0,45.68
Mac Jones,QB,SF,3500000,8.0,5,289.0,4.5,2.1,53.4,195.5,97.4,63.5,5.25,6.67,0.1,38.13,-5.27,7.64,2.58,7.3,14.0,17.9,79.1,2.1,0.5600028195358101,0.5620499989599399,0.7797567856935931,1.5742620412526893,-0.048098946280943404,-0.7628310606872447,-0.6233806723050939,-0.8755826643928643,-0.061050765431257016,-0.3316287572811441,-0.5254973192666964,-0.7606345321015562,1.4521070879921143,1.2081653597044897,0.5482154787054052,73.14,0,Rookie/Cheap,52.6,3.5,49.1
CJ Stroud,QB,HOU,9069811,14.0,9,423.0,4.5,1.9,44.4,217.2,92.9,62.4,5.16,6.44,0.11,41.48,15.04,8.47,2.68,7.9,16.5,20.8,70.0,2.2,0.37268885704564697,0.636283017690498,0.7044541864062936,-0.14659120222191013,-0.24049473140471786,-0.8009373301387814,0.29624879656333836,0.5812226651052749,-0.061050765431257016,0.26106944722132885,0.34480581201095434,-0.06770045573678726,-0.2997721071801921,1.2691544764203415,0.3956776998184345,68.27,0,Rookie/Cheap,50.36,9.069811,41.29
Bo Nix,QB,DEN,4653292,17.0,14,612.0,4.1,1.8,45.6,231.2,87.8,58.5,3.47,6.02,0.09,55.23,8.41,7.71,2.72,7.4,14.9,18.1,74.9,-1.8,0.03063727336795639,0.48781698022938175,0.4374722434785962,0.08285589690803699,-0.3366926239666049,-1.51648838983986,1.5933381220568734,0.10566287512139204,-0.38156728394535405,-0.23284572319739816,-0.212188192006742,-0.7128459751108819,0.6435474594510515,-1.1704101922137244,0.1974146590750166,61.96,0,Rookie/Cheap,47.44,4.653292,42.79
Caleb Williams,QB,CHI,9871515,17.0,11,568.0,4.8,1.2,42.9,231.9,90.1,58.3,4.05,6.76,0.07,43.96,5.4,9.33,3.03,8.5,20.6,23.5,64.5,-1.1,0.6332995874667435,0.33935094276826566,0.42378086178999613,-0.4334000761343434,-0.9138799793379279,-1.2709146533744013,1.2913702367567912,-0.11023983496178859,0.1793366234543154,0.8537676517238009,1.772102947306302,0.5774450636373073,-1.358600192174444,-0.743486375202763,0.19580836828523696,61.91,0,Rookie/Cheap,47.42,9.871515,37.55
Jaxson Dart,QB,NYG,4244486,12.0,4,339.0,4.4,1.5,41.7,162.3,91.7,57.8,9.36,5.87,0.06,-8.29,38.12,8.45,2.66,8.1,13.4,20.9,66.0,-0.2,-0.09152400651693243,0.2651179240377075,0.38955240756849646,-0.6628471752642892,-0.6252863016522664,0.9773552442662661,-0.280235348100455,2.2367158706600287,-0.1411798950597809,0.4586355153888189,-0.7343700707733324,-0.04380617724145093,-1.0698288962669207,-0.19458432476009815,0.1331764732949826,59.91,0,Rookie/Cheap,46.5,4.244486,42.26
Jacoby Brissett,QB,ARI,6250000,12.0,1,485.0,4.7,1.6,45.8,240.4,94.1,41.8,8.14,6.02,0.0,-5.17,7.46,8.09,2.8,7.6,17.3,25.1,67.4,3.4,0.03063727336795639,-0.18028018834564097,-0.7057581275194936,0.12109708009636061,-0.5290884090903791,0.4608035917009907,0.7217489985770906,0.03752082376623535,0.0992074938257915,-0.03527965502990807,0.6233028140198028,0.959753519562697,-0.8003090200865646,2.001023877010561,0.009431129451907553,55.97,0,Rookie/Cheap,44.68,6.25,38.43
Michael Penix,QB,ATL,5720659,9.0,3,276.0,3.3,1.1,46.4,220.2,88.5,57.1,4.5,6.66,0.02,-2.17,7.11,8.71,2.7,8.4,24.0,16.6,72.9,0.1,0.551858734210151,-0.03181415088452481,0.34163257165839717,0.23582062966133419,-1.010077871899815,-1.0803833061167176,-0.7125984565983,0.012415857477493436,-1.0226003209735472,0.7549846176400559,2.9557152058439065,-1.0712601525409344,0.2585190649076872,-0.011616974612543197,-0.00776184563892288,55.42,0,Rookie/Cheap,44.42,5.720659,38.7
Marcus Mariota,QB,WAS,8000000,8.0,2,227.0,4.4,3.1,43.6,154.1,86.1,50.6,6.58,6.06,0.01,-3.06,6.7,10.93,2.72,10.0,16.7,19.5,74.8,-0.1,0.06321361467059355,-0.1060471696150829,-0.10333733322109882,-0.2995559349752073,0.9138799793379281,-0.19970507879231292,-1.048880874318846,-0.016992817317889986,-0.1411798950597809,2.3355131629799817,0.41443006251316616,-0.37832607617616637,0.6242960397238816,-0.1335952080442465,0.09794599735797387,53.38,0,Rookie/Cheap,43.48,8.0,35.48
Tyler Shough,QB,NO,2701182,9.0,5,327.0,3.1,1.8,44.1,216.7,91.3,49.2,8.66,5.92,-0.02,-7.39,-0.03,8.6,2.54,8.3,14.2,19.3,68.7,-0.3,-0.05080357988863616,-0.32874622580675716,-0.19917700504129787,-0.20395297700439624,-0.3366926239666049,0.6809731485320917,-0.3625902259095683,-0.4997254548128421,-1.1828585802305955,0.6562015835563108,-0.4558730687644845,-0.4261146331668399,-0.5500405636333784,-0.2555734414759498,-0.19727189300297043,49.38,0,Rookie/Cheap,24.38,2.701182,21.68
Aaron Rodgers,QB,PIT,13650000,16.0,10,498.0,4.8,1.4,42.9,207.6,94.8,44.1,5.5,6.28,0.02,14.11,-2.95,6.39,2.46,6.0,15.5,15.0,66.5,-0.5,0.24238349183509833,-0.03181415088452481,-0.5483072381005948,-0.4334000761343434,-0.7214841942141536,-0.6569803122107538,0.8109667828702967,-0.7091726021360605,0.1793366234543154,-1.6158082003698342,-0.0033154405001059426,-1.4535686084663242,-0.9735717976310796,-0.37755167490765307,-0.28769835898643387,46.5,0,Rookie/Cheap,21.5,13.65,7.85
Bryce Young,QB,CAR,9488769,16.0,8,478.0,4.8,2.3,44.2,188.2,87.8,47.7,5.35,5.49,-0.03,-21.19,4.17,6.99,2.7,6.4,15.6,22.5,71.3,0.5,-0.4009992488919851,-0.4029792445373152,-0.30186236770579694,-0.18483238541023375,0.14429683884283062,-0.7204907612966485,0.6737086531884412,-0.19846585934793884,0.1793366234543154,-1.2206760640348522,0.03149668475099996,0.3385022786839389,-0.049503650727005855,0.2323394922508634,-0.31294151315410645,45.69,0,Rookie/Cheap,20.69,9.488769,11.2
Spencer Rattler,QB,NO,1089120,8.0,1,257.0,3.1,1.9,43.3,176.2,86.5,49.5,6.55,5.15,-0.09,-36.24,9.59,8.29,2.54,7.9,11.0,17.5,74.7,-0.3,-0.6778981499644007,-0.8483773569206636,-0.17863993250839824,-0.35691770975769477,-0.24049473140471786,-0.2124071686094919,-0.8429936797960628,0.19030247575200768,-1.1828585802305955,0.26106944722132885,-1.569861076799877,-0.8562116460829032,0.6050446199967145,-0.2555734414759498,-0.358211249330953,44.25,0,Rookie/Cheap,19.25,1.08912,18.16
Jayden Daniels,QB,WAS,9436663,7.0,2,188.0,4.3,1.6,44.7,180.3,88.1,45.0,8.74,5.86,-0.01,-5.83,2.7,7.99,2.62,7.2,14.9,16.7,76.4,-0.1,-0.09966809184259155,-0.25451320707619907,-0.4866960205018955,-0.08922942743942268,-0.5290884090903791,0.7148453880445689,-1.3165342271984644,-0.303906717760655,-0.22130902468830552,-0.43041179136488916,-0.212188192006742,-1.0473658740455982,0.9323187553585747,-0.1335952080442465,-0.14496847863488554,38.39,0,Rookie/Cheap,13.39,9.436663,3.95
Justin Fields,QB,NYJ,20000000,9.0,2,204.0,3.4,0.5,42.0,139.9,89.5,38.3,11.69,5.03,-0.06,-24.66,6.66,7.11,2.71,6.8,12.9,26.5,77.3,-0.6,-0.7756271738723122,-0.6256783007289894,-0.9453573070699915,-0.605485400481803,-1.5872652272711378,1.9638842200671616,-1.20672772345298,-0.019861956322317638,-0.9424711913450231,-0.8255439276998711,-0.9084306970288625,1.2942734184974125,1.105581532903087,-0.4385407916235047,-0.3226326384434736,37.03,0,Rookie/Cheap,12.03,20.0,-7.97
Joe Flacco,QB,CIN,4250000,10.0,2,416.0,3.6,2.4,41.7,190.7,79.2,40.9,4.15,5.09,-0.1,-50.98,5.42,7.89,2.57,7.3,16.4,20.5,73.5,-0.5,-0.7267626619183568,-0.9226103756512218,-0.767369345118193,-0.6628471752642892,0.24049473140471786,-1.2285743539838048,0.24820845117468893,-0.1088052654595748,-0.7822129320879746,-0.3316287572811441,0.3099936867598478,-0.13938329122279797,0.3740275832706954,-0.37755167490765307,-0.5973536822993811,36.63,0,Rookie/Cheap,11.63,4.25,7.38
Carson Wentz,QB,MIN,1422500,5.0,2,169.0,3.6,3.0,45.2,243.2,85.8,44.2,10.11,5.24,0.01,5.25,-3.25,8.0,2.57,7.7,19.9,23.9,73.9,0.1,-0.6046013820334672,-0.1060471696150829,-0.5414615472562948,0.006373530531388402,0.8176820867760408,1.2949074896957389,-1.4469294503962271,-0.730691144669268,-0.7822129320879746,0.06350337905383786,1.5284180705485588,0.6730221776186543,0.45103326217936934,-0.011616974612543197,-0.2929560068080723,31.32,0,Rookie/Cheap,9.07,1.4225,7.65
Cam Ward,QB,TEN,12209901,17.0,3,540.0,2.8,1.3,38.2,186.4,80.2,33.1,9.24,4.61,-0.17,-113.25,8.49,7.81,2.82,7.2,19.0,27.7,72.0,3.4,-1.117678757550002,-1.4422415067651284,-1.301333230973588,-1.3320678810599667,-0.8176820867760406,0.9265468849975507,1.0992088552021935,0.11140115313024734,-1.4232459691161683,-0.43041179136488916,1.215108943288605,1.5810047604414545,0.08525628736317219,2.001023877010561,-0.8100781400397612,29.85,0,Rookie/Cheap,8.71,12.209901,-3.5
Davis Mills,QB,HOU,7000000,3.0,3,159.0,3.1,0.6,39.5,152.5,81.6,44.3,4.79,5.45,-0.09,-16.83,0.1,8.95,2.44,8.5,18.1,16.0,65.8,2.2,-0.43357559019462233,-0.8483773569206636,-0.5346158564119953,-1.0835001903358585,-1.4910673347092507,-0.9575964378839881,-1.515558515237155,-0.49040075304845226,-1.1828585802305955,0.8537676517238009,0.9017998160286512,-1.214625823512956,-1.1083317357212576,1.2691544764203415,-0.3405184056701078,28.5,0,Rookie/Cheap,8.37,7.0,1.37
Tyrod Taylor,QB,NYJ,6000000,4.0,1,134.0,3.7,3.7,41.9,129.8,72.9,51.0,9.46,3.86,-0.05,-13.31,5.41,9.02,2.8,8.6,13.5,26.5,73.0,-0.6,-1.7284851569744486,-0.5514452819984313,-0.07595456984389917,-0.6246059920759656,1.491067334709251,1.019695543656863,-1.6871311773394744,-0.10952255021068169,-0.7020838024594503,0.952550685807546,-0.6995579455222265,1.2942734184974125,0.2777704846348543,-0.4385407916235047,-0.32474896778571377,24.29,0,Rookie/Cheap,7.31,6.0,1.31
JJ Mccarthy,QB,MIN,5463699,10.0,6,243.0,4.5,4.9,41.1,163.2,72.6,35.9,10.0,4.31,-0.15,-53.26,6.8,9.0,2.82,8.8,18.8,24.7,60.0,0.1,-1.3620013173197811,-1.2937754693040122,-1.10965388733319,-0.7775707248292627,2.645442045451897,1.248333160366083,-0.9390743705733616,-0.009819969806820886,-0.061050765431257016,1.1501167539750379,1.1454846927863933,0.8641764055813492,-2.2249140798970135,-0.011616974612543197,-1.0650497256586395,21.12,0,Rookie/Cheap,6.51,5.463699,1.05
Russell Wilson,QB,NYG,10500000,3.0,0,119.0,2.5,2.5,38.0,138.5,77.4,25.9,7.75,5.35,-0.12,-15.68,-1.29,9.71,2.61,8.5,20.6,25.5,70.1,-0.2,-0.5150164434512156,-1.0710764131123378,-1.7942229717631837,-1.3703090642482916,0.3366926239666051,0.29567642407766465,-1.790074774600866,-0.590103333452313,-1.6636333580017406,0.8537676517238009,1.772102947306302,1.0553306335440442,-0.280520687453025,-0.19458432476009815,-0.3917396179298108,20.56,0,Rookie/Cheap,6.37,10.5,-4.13
Philip Rivers,QB,IND,1255000,3.0,0,92.0,4.3,3.3,43.3,181.3,80.2,39.9,5.15,4.66,-0.12,-11.2,-1.15,7.97,2.3,7.5,14.4,18.6,71.1,1.8,-1.0769583309217057,-1.0710764131123378,-0.8358262535611924,-0.35691770975769477,1.106275764461702,-0.805171360077841,-1.9753732496713712,-0.5800613469368162,-0.22130902468830552,-0.13406268911365313,-0.38624881826227214,-0.5933745826341976,-0.08800649018134284,1.0251980095569349,-0.2673262452438323,17.35,0,Rookie/Cheap,5.56,1.255,4.3
Jameis Winston,QB,NYG,4000000,2.0,0,66.0,3.0,3.0,46.4,189.0,82.1,68.2,4.35,7.33,0.26,15.39,4.29,9.83,2.83,9.4,25.8,31.4,66.1,-0.2,1.097512451029323,1.7497782986488692,1.1015042553756904,0.23582062966133419,0.8176820867760408,-1.1438937552026123,-2.1538088182577835,-0.1898584423346559,-1.2629877098591198,1.74281495847751,3.5823334603638153,2.4650930647689173,-1.0505774765397535,-0.19458432476009815,0.16629181243876306,16.09,0,Rookie/Cheap,5.25,4.0,1.25
Tyler Huntley,QB,BAL,1170000,2.0,2,67.0,3.0,0.0,45.3,85.2,103.1,80.8,10.67,5.71,0.13,2.23,10.85,6.5,2.46,6.3,10.6,22.9,87.9,-0.4,-0.2218293717274811,0.7847490551516141,1.9640613017574822,0.02549412212554953,-2.0682546900805736,1.5320131662830787,-2.1469459117736904,0.28068035439147865,-1.2629877098591198,-1.319459098118598,-1.7091095778043015,0.4340793926652859,3.1462320239829196,-0.3165625581918014,0.12351254716632891,15.97,0,Rookie/Cheap,5.22,1.17,4.05
Jake Browning,QB,CIN,972500,3.0,0,125.0,4.8,6.4,38.8,154.2,71.1,36.1,6.72,3.51,-0.32,-52.89,6.79,7.99,2.73,7.6,15.0,26.1,70.8,-0.5,-2.0135281433725236,-2.5557367877234998,-1.0959625056445899,-1.2173443314949945,4.088410433880203,-0.14042865964547813,-1.7488973356963093,-0.010537254557927783,0.1793366234543154,-0.03527965502990807,-0.17737606675563608,1.1986963045160655,-0.14576074936284691,-0.37755167490765307,-0.7743002289900102,15.5,0,Rookie/Cheap,5.1,0.9725,4.13
Dillon Gabriel,QB,CLE,1556581,6.0,1,185.0,3.8,1.1,32.8,93.7,80.8,31.0,9.31,4.22,-0.2,-43.95,0.43,5.96,2.56,5.8,19.3,20.0,70.7,-1.5,-1.4352980852507147,-1.6649405629568026,-1.4450927387038868,-2.3645798271447274,-1.010077871899815,0.9561850945709683,-1.3371229466507428,-0.4667303562619241,-0.6219546728309264,-1.813374268537325,1.3195453190419233,-0.25885468369948217,-0.16501216909001404,-0.9874428420661695,-1.0970784705668255,15.32,0,Rookie/Cheap,5.05,1.556581,3.49
Quinn Ewers,QB,MIA,1082894,3.0,1,83.0,3.6,3.6,38.5,155.5,85.5,31.3,8.79,5.36,-0.1,-5.55,-4.68,8.33,2.59,8.3,8.6,17.0,48.1,-1.8,-0.5068723581255558,-0.9226103756512218,-1.4245556661709868,-1.2747061062774805,1.3948694421473637,0.7360155377398666,-2.037139408028206,-0.8332628640775565,-0.7822129320879746,0.6562015835563108,-2.405352082826422,-0.9756830385595874,-4.5158330274300305,-1.1704101922137244,-0.3210716867093918,15.08,0,Rookie/Cheap,4.99,1.082894,3.91
Shedeur Sanders,QB,CLE,1161845,7.0,3,212.0,3.3,4.7,34.5,175.0,68.1,19.0,9.79,3.94,-0.23,-70.23,10.73,7.82,3.09,7.2,14.9,37.2,63.6,-1.5,-1.6633324743691744,-1.8876396191484768,-2.2665756400198793,-2.0395297700439694,2.4530462603281227,1.1594185316458303,-1.1518244715802377,0.27207293737819577,-1.0226003209735472,-0.43041179136488916,-0.212188192006742,3.850961217498455,-1.5318629697189576,-0.9874428420661695,-1.2024878750859875,14.71,0,Rookie/Cheap,4.9,1.161845,3.74
Riley Leonard,QB,IND,1108811,1.0,0,67.0,3.0,4.5,30.4,83.0,67.7,73.3,2.9,4.39,-0.12,-14.26,5.26,8.39,2.68,8.1,4.5,9.9,29.9,1.8,-1.2968486347145067,-1.0710764131123378,1.4506344884349869,-2.8234740254046202,2.260650475204348,-1.7578280963662598,-2.1469459117736904,-0.1202818214772854,-1.2629877098591198,0.4586355153888189,-3.832649218121769,-2.672176811728503,-8.019591417774647,1.0251980095569349,-0.3485117557384327,11.94,0,Rookie/Cheap,4.2,1.108811,3.09
Mason Rudolph,QB,PIT,3750000,1.0,0,52.0,3.8,3.8,50.0,62.0,84.6,35.1,3.7,4.59,0.06,2.5,1.34,5.55,2.62,5.2,14.3,10.9,79.6,-0.5,-1.133966928201321,0.2651179240377075,-1.1644194140875892,0.9241619270511742,1.5872652272711378,-1.4191057012414885,-2.249889509035082,-0.4014574439111951,-0.6219546728309264,-2.406072473039797,-0.421060943513378,-2.4332340267751347,1.5483641866279554,-0.37755167490765307,-0.12152113774081298,10.77,0,Rookie/Cheap,3.91,3.75,0.16
Josh Johnson,QB,WAS,1422500,2.0,1,54.0,1.9,3.7,48.2,74.4,74.0,56.5,3.57,5.14,-0.01,3.82,-4.8,6.52,2.66,5.7,9.8,12.5,41.2,-0.1,-0.6860422352900605,-0.25451320707619907,0.30055842659259746,0.5799912783562549,1.491067334709251,-1.4741480904492639,-2.2361636960668965,-0.8418702810908393,-2.1444081357728857,-1.91215730262107,-1.9876065798131493,-2.050925570849745,-5.844180988604637,-0.1335952080442465,-0.21936462144783378,10.51,0,Rookie/Cheap,3.84,1.4225,2.42
Malik Willis,QB,GB,1290025,1.0,0,35.0,8.6,0.0,65.8,105.5,145.5,93.3,7.89,12.29,0.49,28.08,1.06,10.11,2.59,10.1,5.7,10.9,91.4,-0.8,5.136978772556327,3.4571377294517047,2.8197726572949744,3.945215398928804,-2.0682546900805736,0.35495284322449944,-2.3665589192646594,-0.42154141694218866,3.2242435493382344,2.434296197063727,-3.414903715108496,-2.4332340267751347,3.820031714433807,-0.560519025055208,0.48771933390807765,9.97,0,Rookie/Cheap,3.71,1.290025,2.42
Tanner Mckee,QB,PHI,1006630,1.0,0,43.0,2.3,2.3,50.0,68.5,73.2,26.2,6.52,5.11,-0.14,-2.46,-5.17,11.11,2.87,9.6,0.0,6.1,7.0,-0.4,-0.7104744912670379,-1.2195424505734542,-1.773685899230284,0.9241619270511742,0.14429683884283062,-0.22510925842667093,-2.3116556673919173,-0.868409816881795,-1.8238916172587891,1.940381026645,-5.39919485442154,-3.5801593945513033,-12.428166535296167,-0.3165625581918014,-0.2157446554358147,8.39,0,Rookie/Cheap,3.31,1.00663,2.3
Chris Oladokun,QB,KC,922500,2.0,0,55.0,1.8,0.0,31.7,78.3,79.0,15.1,12.7,2.57,-0.52,-30.12,-5.57,5.33,2.83,5.2,9.6,22.4,50.0,-0.1,-2.7790721639844964,-4.040397162334661,-2.533557582947577,-2.574906334680511,-2.0682546900805736,2.3915212439121847,-2.229300789582804,-0.8971012069260716,-2.22453726540141,-2.406072473039797,-2.0572308303153615,0.3146080001886017,-4.150056052613835,-0.1335952080442465,-0.5901238979251968,8.11,0,Rookie/Cheap,3.24,0.9225,2.32
Cooper Rush,QB,BAL,3100000,2.0,0,52.0,0.0,7.7,41.5,75.8,48.8,27.6,1.89,2.02,-0.54,-25.05,-5.58,6.57,2.6,6.4,18.0,17.0,74.0,-0.4,-3.2269968568957568,-4.188863199795778,-1.6778462274100847,-0.7010883584526141,5.338983037184737,-2.185465120211283,-2.249889509035082,-0.8978184916771784,-3.666861598714845,-1.2206760640348522,0.8669876907775448,-0.9756830385595874,0.4702846819065365,-0.3165625581918014,-0.5841444773690327,7.71,0,Rookie/Cheap,3.14,3.1,0.04
Trey Lance,QB,LAC,2000000,1.0,0,57.0,0.0,1.8,27.0,56.5,50.8,20.4,9.52,2.17,-0.48,-39.47,1.25,10.7,2.45,7.9,1.8,10.0,14.3,-0.8,-3.1048355770108675,-3.7434650874124284,-2.1707359681996805,-3.4735741396061353,-0.3366926239666049,1.0450997232912203,-2.215574976614618,-0.40791300667115726,-3.666861598714845,0.26106944722132885,-4.772576599901631,-2.6482825332331665,-11.022812895212889,-0.560519025055208,-0.694542372090428,7.65,0,Rookie/Cheap,3.12,2.0,1.12
Andy Dalton,QB,CAR,4000000,1.0,0,37.0,2.7,2.7,46.7,73.3,89.1,12.7,17.78,4.76,-0.29,-5.66,-8.66,9.67,2.42,9.4,13.9,23.9,80.6,0.5,-0.9955174776651132,-2.3330377315318254,-2.697854163210775,0.29318240444382165,0.5290884090903796,4.542408452954482,-2.352833106296474,-1.1187421950181076,-1.503375098744692,1.74281495847751,-0.5603094445178023,0.6730221776186543,1.7408783838996376,0.2323394922508634,-0.1392933717977947,7.58,0,Rookie/Cheap,3.11,4.0,-0.89
Kenny Pickett,QB,LV,3516976,2.0,1,45.0,2.2,4.4,26.4,31.3,60.2,3.5,15.09,1.21,-0.55,-28.79,-3.22,5.89,2.57,5.8,11.4,25.0,75.0,0.7,-3.886667768274159,-4.263096218526336,-3.32765772088637,-3.588297689171109,2.164452582642461,3.4034543993474387,-2.2979298544237317,-0.7285392904159471,-1.9040207468873132,-1.813374268537325,-1.4306125757954529,0.93585924106736,0.6627988791782187,0.35431772568256664,-0.5259116828934377,7.0,0,Rookie/Cheap,2.96,3.516976,-0.56
Max Brosmer,QB,MIN,991667,2.0,1,71.0,0.0,5.6,29.4,46.9,53.0,14.0,16.47,0.56,-0.64,-58.54,-0.12,4.59,2.55,4.4,10.3,26.4,72.1,0.1,-4.416033314442012,-4.9311933871013585,-2.6088601822348765,-3.0146799413462424,3.318827293385106,3.987750530937668,-2.1194942858373196,-0.5061810175728043,-3.666861598714845,-3.1963367457097602,-1.813545953557619,1.2703791400020754,0.10450770709033931,-0.011616974612543197,-0.9817160549706893,6.92,0,Rookie/Cheap,2.94,0.991667,1.95
Clayton Tune,QB,GB,1087500,1.0,0,15.0,0.0,6.7,20.0,21.0,25.7,7.9,25.0,-2.35,-0.71,-19.9,2.18,4.14,2.76,0.7,13.3,31.8,13.3,-0.8,-6.785962144208864,-5.450824518215264,-3.0264473237371727,-4.81201555119749,4.377004111565866,7.59937806895554,-2.503817048946515,-0.34120552481821437,-3.666861598714845,-6.85130900680834,-0.7691821960244383,2.5606701787502653,-11.21532709248457,-0.560519025055208,-0.3448865076612704,2.68,0,Rookie/Cheap,1.87,1.0875,0.78
Gardner Minshew,QB,KC,1170000,1.0,0,13.0,0.0,7.7,23.1,9.3,21.0,12.4,0.0,-0.62,-0.37,-6.41,-0.57,6.18,2.54,3.7,27.3,14.3,63.6,-0.1,-5.377035382869808,-2.92690188137629,-2.7183912357436752,-4.219277211778461,5.338983037184737,-2.9856967786935544,-2.5175428619147007,-0.5384588313726154,-3.666861598714845,-3.887817984295978,4.104515339130406,-1.620828557933682,-1.5318629697189576,-0.1335952080442465,-0.20624577485734744,2.55,0,Rookie/Cheap,1.84,1.17,0.67
Adrian Martinez,QB,SF,234000,0.0,,0.0,0.0,0.0,0.0,,55.8,8.9,0.0,1.6660000000000004,0.0,0.0,0.0,7.579102564102565,2.556923076923077,4.8,14.510526315789477,18.19078947368421,22.1,2.1,-3.0,-3.0,-3.0,-3.0,-3.0,-3.0,-3.0,-3.0,-3.0,-3.0,-3.0,-3.0,-3.0,-3.0,-2.746867645837402,0.0,0,Rookie/Cheap,1.2,0.234,0.97
Dj Uiagalelei,QB,LAC,234000,0.0,,0.0,0.0,0.0,0.0,,55.8,8.9,0.0,1.6660000000000004,0.0,0.0,0.0,7.579102564102565,2.556923076923077,4.8,14.510526315789477,18.19078947368421,22.1,-0.8,-3.0,-3.0,-3.0,-3.0,-3.0,-3.0,-3.0,-3.0,-3.0,-3.0,-3.0,-3.0,-3.0,-3.0,-2.746867645837402,0.0,0,Rookie/Cheap,1.2,0.234,0.97
Kurtis Rourke,QB,SF,1083559,0.0,,0.0,0.0,0.0,0.0,,55.8,8.9,0.0,1.6660000000000004,0.0,0.0,0.0,7.579102564102565,2.556923076923077,4.8,14.510526315789477,18.19078947368421,22.1,2.1,-3.0,-3.0,-3.0,-3.0,-3.0,-3.0,-3.0,-3.0,-3.0,-3.0,-3.0,-3.0,-3.0,-3.0,-2.746867645837402,0.0,0,Rookie/Cheap,1.2,1.083559,0.12
Tommy Devito,QB,NE,1030000,0.0,,0.0,0.0,0.0,0.0,,55.8,8.9,0.0,1.6660000000000004,0.0,0.0,0.0,7.579102564102565,2.556923076923077,4.8,14.510526315789477,18.19078947368421,22.1,-4.5,-3.0,-3.0,-3.0,-3.0,-3.0,-3.0,-3.0,-3.0,-3.0,-3.0,-3.0,-3.0,-3.0,-3.0,-2.746867645837402,0.0,0,Rookie/Cheap,1.2,1.03,0.17
Sam Hartman,QB,WAS,1017500,0.0,,0.0,0.0,0.0,0.0,,55.8,8.9,0.0,1.6660000000000004,0.0,0.0,0.0,7.579102564102565,2.556923076923077,4.8,14.510526315789477,18.19078947368421,22.1,-0.1,-3.0,-3.0,-3.0,-3.0,-3.0,-3.0,-3.0,-3.0,-3.0,-3.0,-3.0,-3.0,-3.0,-3.0,-2.746867645837402,0.0,0,Rookie/Cheap,1.2,1.0175,0.18
Sam Howell,QB,PHI,1005400,0.0,,0.0,0.0,0.0,0.0,,55.8,8.9,0.0,1.6660000000000004,0.0,0.0,0.0,7.579102564102565,2.556923076923077,4.8,14.510526315789477,18.19078947368421,22.1,-0.4,-3.0,-3.0,-3.0,-3.0,-3.0,-3.0,-3.0,-3.0,-3.0,-3.0,-3.0,-3.0,-3.0,-3.0,-2.746867645837402,0.0,0,Rookie/Cheap,1.2,1.0054,0.19
Emory Jones,QB,ATL,840000,0.0,,0.0,0.0,0.0,0.0,,55.8,8.9,0.0,1.6660000000000004,0.0,0.0,0.0,7.579102564102565,2.556923076923077,4.8,14.510526315789477,18.19078947368421,22.1,0.1,-3.0,-3.0,-3.0,-3.0,-3.0,-3.0,-3.0,-3.0,-3.0,-3.0,-3.0,-3.0,-3.0,-3.0,-2.746867645837402,0.0,0,Rookie/Cheap,1.2,0.84,0.36
Connor Bazelak,QB,TB,840000,0.0,,0.0,0.0,0.0,0.0,,55.8,8.9,0.0,1.6660000000000004,0.0,0.0,0.0,7.579102564102565,2.556923076923077,4.8,14.510526315789477,18.19078947368421,22.1,0.8,-3.0,-3.0,-3.0,-3.0,-3.0,-3.0,-3.0,-3.0,-3.0,-3.0,-3.0,-3.0,-3.0,-3.0,-2.746867645837402,0.0,0,Rookie/Cheap,1.2,0.84,0.36
Cam Miller,QB,MIA,840000,0.0,,0.0,0.0,0.0,0.0,,55.8,8.9,0.0,1.6660000000000004,0.0,0.0,0.0,7.579102564102565,2.556923076923077,4.8,14.510526315789477,18.19078947368421,22.1,-1.8,-3.0,-3.0,-3.0,-3.0,-3.0,-3.0,-3.0,-3.0,-3.0,-3.0,-3.0,-3.0,-3.0,-3.0,-2.746867645837402,0.0,0,Rookie/Cheap,1.2,0.84,0.36
Bailey Zappe,QB,CLE,445833,0.0,,0.0,0.0,0.0,0.0,,55.8,8.9,0.0,1.6660000000000004,0.0,0.0,0.0,7.579102564102565,2.556923076923077,4.8,14.510526315789477,18.19078947368421,22.1,-1.5,-3.0,-3.0,-3.0,-3.0,-3.0,-3.0,-3.0,-3.0,-3.0,-3.0,-3.0,-3.0,-3.0,-3.0,-2.746867645837402,0.0,0,Rookie/Cheap,1.2,0.445833,0.75
Mike White,QB,CAR,396000,0.0,,0.0,0.0,0.0,0.0,,55.8,8.9,0.0,1.6660000000000004,0.0,0.0,0.0,7.579102564102565,2.556923076923077,4.8,14.510526315789477,18.19078947368421,22.1,0.5,-3.0,-3.0,-3.0,-3.0,-3.0,-3.0,-3.0,-3.0,-3.0,-3.0,-3.0,-3.0,-3.0,-3.0,-2.746867645837402,0.0,0,Rookie/Cheap,1.2,0.396,0.8
Will Grier,QB,DAL,396000,0.0,,0.0,0.0,0.0,0.0,,55.8,8.9,0.0,1.6660000000000004,0.0,0.0,0.0,7.579102564102565,2.556923076923077,4.8,14.510526315789477,18.19078947368421,22.1,-1.8,-3.0,-3.0,-3.0,-3.0,-3.0,-3.0,-3.0,-3.0,-3.0,-3.0,-3.0,-3.0,-3.0,-3.0,-2.746867645837402,0.0,0,Rookie/Cheap,1.2,0.396,0.8
Sam Ehlinger,QB,DEN,360000,0.0,,0.0,0.0,0.0,0.0,,55.8,8.9,0.0,1.6660000000000004,0.0,0.0,0.0,7.579102564102565,2.556923076923077,4.8,14.510526315789477,18.19078947368421,22.1,-1.8,-3.0,-3.0,-3.0,-3.0,-3.0,-3.0,-3.0,-3.0,-3.0,-3.0,-3.0,-3.0,-3.0,-3.0,-2.746867645837402,0.0,0,Rookie/Cheap,1.2,0.36,0.84
Logan Woodside,QB,ARI,315000,0.0,,0.0,0.0,0.0,0.0,,55.8,8.9,0.0,1.6660000000000004,0.0,0.0,0.0,7.579102564102565,2.556923076923077,4.8,14.510526315789477,18.19078947368421,22.1,3.4,-3.0,-3.0,-3.0,-3.0,-3.0,-3.0,-3.0,-3.0,-3.0,-3.0,-3.0,-3.0,-3.0,-3.0,-2.746867645837402,0.0,0,Rookie/Cheap,1.2,0.315,0.88
Trevor Siemian,QB,TEN,315000,0.0,,0.0,0.0,0.0,0.0,,55.8,8.9,0.0,1.6660000000000004,0.0,0.0,0.0,7.579102564102565,2.556923076923077,4.8,14.510526315789477,18.19078947368421,22.1,3.4,-3.0,-3.0,-3.0,-3.0,-3.0,-3.0,-3.0,-3.0,-3.0,-3.0,-3.0,-3.0,-3.0,-3.0,-2.746867645837402,0.0,0,Rookie/Cheap,1.2,0.315,0.88
John Rhys Plumlee,QB,PIT,234000,0.0,,0.0,0.0,0.0,0.0,,55.8,8.9,0.0,1.6660000000000004,0.0,0.0,0.0,7.579102564102565,2.556923076923077,4.8,14.510526315789477,18.19078947368421,22.1,-0.5,-3.0,-3.0,-3.0,-3.0,-3.0,-3.0,-3.0,-3.0,-3.0,-3.0,-3.0,-3.0,-3.0,-3.0,-2.746867645837402,0.0,0,Rookie/Cheap,1.2,0.234,0.97
Garrett Greene,QB,TB,234000,0.0,,0.0,0.0,0.0,0.0,,55.8,8.9,0.0,1.6660000000000004,0.0,0.0,0.0,7.579102564102565,2.556923076923077,4.8,14.510526315789477,18.19078947368421,22.1,0.8,-3.0,-3.0,-3.0,-3.0,-3.0,-3.0,-3.0,-3.0,-3.0,-3.0,-3.0,-3.0,-3.0,-3.0,-2.746867645837402,0.0,0,Rookie/Cheap,1.2,0.234,0.97
Hunter Dekkers,QB,NO,234000,0.0,,0.0,0.0,0.0,0.0,,55.8,8.9,0.0,1.6660000000000004,0.0,0.0,0.0,7.579102564102565,2.556923076923077,4.8,14.510526315789477,18.19078947368421,22.1,-0.3,-3.0,-3.0,-3.0,-3.0,-3.0,-3.0,-3.0,-3.0,-3.0,-3.0,-3.0,-3.0,-3.0,-3.0,-2.746867645837402,0.0,0,Rookie/Cheap,1.2,0.234,0.97
Kyle Trask,QB,ATL,315000,0.0,,0.0,0.0,0.0,0.0,,55.8,8.9,0.0,1.6660000000000004,0.0,0.0,0.0,7.579102564102565,2.556923076923077,4.8,14.510526315789477,18.19078947368421,22.1,0.1,-3.0,-3.0,-3.0,-3.0,-3.0,-3.0,-3.0,-3.0,-3.0,-3.0,-3.0,-3.0,-3.0,-3.0,-2.746867645837402,0.0,0,Rookie/Cheap,1.2,0.315,0.88
CJ Beathard,QB,DET,315000,0.0,,0.0,0.0,0.0,0.0,,55.8,8.9,0.0,1.6660000000000004,0.0,0.0,0.0,7.579102564102565,2.556923076923077,4.8,14.510526315789477,18.19078947368421,22.1,-0.1,-3.0,-3.0,-3.0,-3.0,-3.0,-3.0,-3.0,-3.0,-3.0,-3.0,-3.0,-3.0,-3.0,-3.0,-2.746867645837402,0.0,0,Rookie/Cheap,1.2,0.315,0.88
Seth Henigan,QB,IND,234000,0.0,,0.0,0.0,0.0,0.0,,55.8,8.9,0.0,1.6660000000000004,0.0,0.0,0.0,7.579102564102565,2.556923076923077,4.8,14.510526315789477,18.19078947368421,22.1,1.8,-3.0,-3.0,-3.0,-3.0,-3.0,-3.0,-3.0,-3.0,-3.0,-3.0,-3.0,-3.0,-3.0,-3.0,-2.746867645837402,0.0,0,Rookie/Cheap,1.2,0.234,0.97
Kyle Mccord,QB,PHI,234000,0.0,,0.0,0.0,0.0,0.0,,55.8,8.9,0.0,1.6660000000000004,0.0,0.0,0.0,7.579102564102565,2.556923076923077,4.8,14.510526315789477,18.19078947368421,22.1,-0.4,-3.0,-3.0,-3.0,-3.0,-3.0,-3.0,-3.0,-3.0,-3.0,-3.0,-3.0,-3.0,-3.0,-3.0,-2.746867645837402,0.0,0,Rookie/Cheap,1.2,0.234,0.97
Graham Mertz,QB,HOU,1107121,0.0,,0.0,0.0,0.0,0.0,,55.8,8.9,0.0,1.6660000000000004,0.0,0.0,0.0,7.579102564102565,2.556923076923077,4.8,14.510526315789477,18.19078947368421,22.1,2.2,-3.0,-3.0,-3.0,-3.0,-3.0,-3.0,-3.0,-3.0,-3.0,-3.0,-3.0,-3.0,-3.0,-3.0,-2.746867645837402,0.0,0,Rookie/Cheap,1.2,1.107121,0.09
Hendon Hooker,QB,NYJ,234000,0.0,,0.0,0.0,0.0,0.0,,55.8,8.9,0.0,1.6660000000000004,0.0,0.0,0.0,7.579102564102565,2.556923076923077,4.8,14.510526315789477,18.19078947368421,22.1,-0.6,-3.0,-3.0,-3.0,-3.0,-3.0,-3.0,-3.0,-3.0,-3.0,-3.0,-3.0,-3.0,-3.0,-3.0,-2.746867645837402,0.0,0,Rookie/Cheap,1.2,0.234,0.97
Carter Bradley,QB,JAX,234000,0.0,,0.0,0.0,0.0,0.0,,55.8,8.9,0.0,1.6660000000000004,0.0,0.0,0.0,7.579102564102565,2.556923076923077,4.8,14.510526315789477,18.19078947368421,22.1,0.6,-3.0,-3.0,-3.0,-3.0,-3.0,-3.0,-3.0,-3.0,-3.0,-3.0,-3.0,-3.0,-3.0,-3.0,-2.746867645837402,0.0,0,Rookie/Cheap,1.2,0.234,0.97
Jake Haener,QB,NO,234000,0.0,,0.0,0.0,0.0,0.0,,55.8,8.9,0.0,1.6660000000000004,0.0,0.0,0.0,7.579102564102565,2.556923076923077,4.8,14.510526315789477,18.19078947368421,22.1,-0.3,-3.0,-3.0,-3.0,-3.0,-3.0,-3.0,-3.0,-3.0,-3.0,-3.0,-3.0,-3.0,-3.0,-3.0,-2.746867645837402,0.0,0,Rookie/Cheap,1.2,0.234,0.97
Skylar Thompson,QB,PIT,1100000,0.0,,0.0,0.0,0.0,0.0,,55.8,8.9,0.0,1.6660000000000004,0.0,0.0,0.0,7.579102564102565,2.556923076923077,4.8,14.510526315789477,18.19078947368421,22.1,-0.5,-3.0,-3.0,-3.0,-3.0,-3.0,-3.0,-3.0,-3.0,-3.0,-3.0,-3.0,-3.0,-3.0,-3.0,-2.746867645837402,0.0,0,Rookie/Cheap,1.2,1.1,0.1
Teddy Bridgewater,QB,TB,1255000,0.0,nan,15.0,0.0,0.0,17.6,15.5,63.7,8.3,11.76,2.41,-0.63,-12.5,-0.02,7.0,2.22,6.5,28.6,22.2,57.1,0.8,-2.9093775291950448,-4.8569603683708,-2.999064560359973,-5.270909749457384,-2.0682546900805736,1.9935224296405791,-2.503817048946515,-0.49900817006173515,-3.666861598714845,-1.1218930299511072,4.5570729673947845,0.26681944319792816,-2.7832052519848913,0.41530684239841836,-2.746867645837402,0.0,0,Rookie/Cheap,1.2,1.255,-0.05
Will Howard,QB,PIT,1112025,0.0,,0.0,0.0,0.0,0.0,,55.8,8.9,0.0,1.6660000000000004,0.0,0.0,0.0,7.579102564102565,2.556923076923077,4.8,14.510526315789477,18.19078947368421,22.1,-0.5,-3.0,-3.0,-3.0,-3.0,-3.0,-3.0,-3.0,-3.0,-3.0,-3.0,-3.0,-3.0,-3.0,-3.0,-2.746867645837402,0.0,0,Rookie/Cheap,1.2,1.112025,0.09
Shane Buechele,QB,KC,1030000,0.0,nan,14.0,0.0,0.0,21.1,88.0,69.9,5.7,26.32,3.47,-0.38,-6.83,-0.83,10.62,2.56,10.1,0.0,25.0,0.0,-0.1,-2.0461044846751606,-3.001134900106848,-3.177052522311771,-4.601689043661706,-2.0682546900805736,8.158270020911411,-2.5106799554306076,-0.557108234901395,-3.666861598714845,2.434296197063727,-5.39919485442154,0.93585924106736,-13.775765916197942,-0.1335952080442465,-2.746867645837402,0.0,0,Rookie/Cheap,1.2,1.03,0.17
Anthony Richardson,QB,IND,8498508,0.0,nan,2.0,0.0,0.0,50.0,4.5,62.5,8.9,0.0,4.5,-0.61,-1.21,-2.43,15.5,2.27,15.5,50.0,0.0,0.0,1.8,-1.2072636961322545,-4.708494330909684,-2.9579904152941734,0.9241619270511742,-2.0682546900805736,-2.9856967786935544,-2.593034833239721,-0.6718737950785011,-3.666861598714845,7.768580037585979,12.006867771131473,-5.037710382766851,-13.775765916197942,1.0251980095569349,-2.746867645837402,0.0,0,Rookie/Cheap,1.2,8.498508,-7.3
Zach Wilson,QB,MIA,6000000,0.0,nan,11.0,0.0,0.0,36.4,8.0,60.0,9.5,0.0,2.91,-0.49,-6.62,-0.24,6.1,2.31,4.6,18.2,0.0,54.5,-1.8,-2.5021732629120805,-3.8176981061429864,-2.9169162702283735,-1.6762385297548874,-2.0682546900805736,-2.9856967786935544,-2.5312686748828863,-0.5147884345860873,-3.666861598714845,-2.9987706775422702,0.9366119412797566,-5.037710382766851,-3.2837421648912652,-1.1704101922137244,-2.746867645837402,0.0,0,Rookie/Cheap,1.2,6.0,-4.8
Tyson Bagent,QB,CHI,5000000,0.0,nan,4.0,0.0,0.0,50.0,15.7,113.5,11.5,0.0,11.75,0.32,2.31,-0.37,7.5,3.04,7.5,25.0,20.0,75.0,-1.1,4.697198164970726,2.1951764110322176,-2.780002453342375,0.9241619270511742,-2.0682546900805736,-2.9856967786935544,-2.5793090202715354,-0.5241131363504771,-3.666861598714845,-0.13406268911365313,3.303836458354967,-0.25885468369948217,0.6627988791782187,-0.743486375202763,-2.746867645837402,0.0,0,Rookie/Cheap,1.2,5.0,-3.8
Joshua Dobbs,QB,NE,4000000,0.0,nan,10.0,0.0,0.0,30.0,16.3,87.5,72.5,0.0,6.5,-0.34,-0.07,-6.63,11.9,2.77,11.4,20.0,0.0,40.0,-4.5,0.4215533689996024,-2.704202825184616,1.3958689616805875,-2.8999563917812687,-2.0682546900805736,-2.9856967786935544,-2.538131581366979,-0.9731333905434043,-3.666861598714845,3.718475640152418,1.5632301957996653,-5.037710382766851,-6.075198025330656,-2.817116343541719,-2.746867645837402,0.0,0,Rookie/Cheap,1.2,4.0,-2.8
Mitchell Trubisky,QB,BUF,2625000,0.0,nan,35.0,11.4,0.0,60.0,78.3,137.0,91.5,0.0,11.23,0.43,25.63,-6.8,7.5,2.64,7.4,2.9,0.0,14.3,-2.3,4.273705728036444,3.0117396170683564,2.6965502220975757,2.8362210864673956,-2.0682546900805736,-2.9856967786935544,-2.3665589192646594,-0.9853272313122218,5.467859178936912,-0.23284572319739816,-4.3896432221394655,-5.037710382766851,-11.022812895212889,-1.4753557757929825,-2.746867645837402,0.0,0,Rookie/Cheap,1.2,2.625,-1.42
Drew Lock,QB,SEA,2500000,0.0,nan,3.0,0.0,0.0,33.3,3.0,78.5,5.7,0.0,5.0,-0.21,-0.89,-0.97,1.67,2.73,1.7,0.0,0.0,100.0,1.6,-0.8000594298492902,-1.7391735816873606,-3.177052522311771,-2.2689768691739163,-2.0682546900805736,-2.9856967786935544,-2.5861719267556285,-0.5671502214168919,-3.666861598714845,-5.863478665970886,-5.39919485442154,-5.037710382766851,5.475653810970273,0.9032197761252315,-2.746867645837402,0.0,0,Rookie/Cheap,1.2,2.5,-1.3
Nick Mullens,QB,JAX,2250000,0.0,nan,3.0,0.0,0.0,66.7,3.8,93.1,85.9,0.0,6.33,0.03,2.9,-2.46,1.33,1.77,1.3,0.0,33.3,33.3,0.6,0.2831039184633946,0.04241886784603326,2.3131915348167795,4.117300723276265,-2.0682546900805736,-2.9856967786935544,-2.5861719267556285,-0.6740256493318217,-3.666861598714845,-6.258610802305868,-5.39919485442154,2.919084356180317,-7.365043147050927,0.29332860896671503,-2.746867645837402,0.0,0,Rookie/Cheap,1.2,2.25,-1.05
Brandon Allen,QB,TEN,1422500,0.0,nan,30.0,0.0,3.3,19.4,72.0,47.9,10.8,3.23,0.65,-0.78,-24.03,0.0,3.63,2.58,3.6,0.0,3.2,0.0,3.4,-4.3427365465110785,-5.970455649329171,-2.8279222892524745,-4.926739100762464,1.106275764461702,-1.6181051083772915,-2.4008734516851233,-0.4975736005595213,-3.666861598714845,-3.9866010183797242,-5.39919485442154,-4.273093470916072,-13.775765916197942,2.001023877010561,-2.746867645837402,0.0,0,Rookie/Cheap,1.2,1.4225,-0.22
Kyle Allen,QB,DET,1270000,0.0,nan,2.0,0.0,0.0,0.0,0.0,39.6,4.8,0.0,0.0,-0.27,-1.36,0.0,5.0,2.32,5.0,0.0,0.0,100.0,-0.1,-4.872102092678932,-2.1845716940707094,-3.238663739910471,-8.636133870029933,-2.0682546900805736,-2.9856967786935544,-2.593034833239721,-0.4975736005595213,-3.666861598714845,-2.603638541207288,-5.39919485442154,-5.037710382766851,5.475653810970273,-0.1335952080442465,-2.746867645837402,0.0,0,Rookie/Cheap,1.2,1.27,-0.07
Aidan OConnell,QB,LV,1087345,0.0,nan,22.0,0.0,0.0,30.4,102.0,59.3,16.4,4.35,4.22,-0.24,-5.86,0.16,8.36,2.49,8.6,0.0,4.2,0.0,0.7,-1.4352980852507147,-1.961872637879035,-2.444563601971678,-2.8234740254046202,-2.0682546900805736,-1.1438937552026123,-2.4557767035578655,-0.48609704454181074,-3.666861598714845,0.952550685807546,-5.39919485442154,-4.034150685962703,-13.775765916197942,0.35431772568256664,-2.746867645837402,0.0,0,Rookie/Cheap,1.2,1.087345,0.11
Joe Milton,QB,DAL,1050829,0.0,nan,24.0,4.2,8.3,45.8,45.8,65.1,53.2,0.0,4.71,-0.05,0.64,-2.09,11.13,2.6,10.3,8.3,0.0,33.3,-1.8,-1.0362379042934096,-0.5514452819984313,0.07465062873069966,0.12109708009636061,5.91617039255606,-2.9856967786935544,-2.44205089058968,-0.647486113540866,-0.3014381543168294,2.6318622652312187,-2.50978845857974,-5.037710382766851,-7.365043147050927,-1.1704101922137244,-2.746867645837402,0.0,0,Rookie/Cheap,1.2,1.050829,0.15
Brady Cook,QB,NYJ,922500,4.0,0,153.0,1.3,4.6,32.6,147.8,55.4,11.6,11.05,1.97,-0.4,-69.4,-4.29,5.86,2.41,5.5,18.2,20.7,59.5,-0.6,-3.2677172835240533,-3.1496009375679646,-2.7731567624980746,-2.402821010333051,2.3568483677662346,1.6929063039673453,-1.5567359541417116,-0.8052887587843868,-2.625182913544031,-2.109723370788561,0.9366119412797566,-0.09159473423212444,-2.3211711785328544,-0.4385407916235047,-1.7468676458374022,0.0,0,Rookie/Cheap,1.2,0.9225,0.28
Stetson Bennett,QB,LAR,1134783,0.0,,0.0,0.0,0.0,0.0,,55.8,8.9,0.0,1.6660000000000004,0.0,0.0,0.0,7.579102564102565,2.556923076923077,4.8,14.510526315789477,18.19078947368421,22.1,2.4,-3.0,-3.0,-3.0,-3.0,-3.0,-3.0,-3.0,-3.0,-3.0,-3.0,-3.0,-3.0,-3.0,-3.0,-2.746867645837402,0.0,0,Rookie/Cheap,1.2,1.134783,0.07
Kedon Slovis,QB,ARI,922500,0.0,nan,2.0,0.0,0.0,0.0,-1.0,56.2,0.3,0.0,-1.0,-1.07,-2.15,0.0,1.5,2.13,1.5,50.0,0.0,50.0,3.4,-5.6865106252448605,-8.123213192515356,-3.546719827903968,-8.636133870029933,-2.0682546900805736,-2.9856967786935544,-2.593034833239721,-0.4975736005595213,-3.666861598714845,-6.0610447341383775,12.006867771131473,-5.037710382766851,-4.150056052613835,2.001023877010561,-2.746867645837402,0.0,0,Rookie/Cheap,1.2,0.9225,0.28
Jarrett Stidham,QB,DEN,6000000,0.0,,0.0,0.0,0.0,0.0,,55.8,8.9,0.0,1.6660000000000004,0.0,0.0,0.0,7.579102564102565,2.556923076923077,4.8,14.510526315789477,18.19078947368421,22.1,-1.8,-3.0,-3.0,-3.0,-3.0,-3.0,-3.0,-3.0,-3.0,-3.0,-3.0,-3.0,-3.0,-3.0,-3.0,-2.746867645837402,0.0,0,Rookie/Cheap,1.2,6.0,-4.8
Jimmy Garoppolo,QB,LAR,3005000,0.0,,0.0,0.0,0.0,0.0,,55.8,8.9,0.0,1.6660000000000004,0.0,0.0,0.0,0.0,0.0,4.8,14.510526315789477,18.19078947368421,22.1,2.4,-3.0,-3.0,-3.0,-3.0,-3.0,-3.0,-3.0,-3.0,-3.0,-3.0,-3.0,-3.0,-3.0,-3.0,-2.746867645837402,0.0,0,Rookie/Cheap,1.2,3.005,-1.8
Will Levis,QB,TEN,2385541,0.0,,0.0,0.0,0.0,0.0,,55.8,8.9,0.0,1.6660000000000004,0.0,0.0,0.0,7.579102564102565,2.556923076923077,4.8,14.510526315789477,18.19078947368421,22.1,3.4,-3.0,-3.0,-3.0,-3.0,-3.0,-3.0,-3.0,-3.0,-3.0,-3.0,-3.0,-3.0,-3.0,-3.0,-2.746867645837402,0.0,0,Rookie/Cheap,1.2,2.385541,-1.19
Case Keenum,QB,CHI,2250000,0.0,,0.0,0.0,0.0,0.0,,55.8,8.9,0.0,1.6660000000000004,0.0,0.0,0.0,7.579102564102565,2.556923076923077,4.8,14.510526315789477,18.19078947368421,22.1,-1.1,-3.0,-3.0,-3.0,-3.0,-3.0,-3.0,-3.0,-3.0,-3.0,-3.0,-3.0,-3.0,-3.0,-3.0,-2.746867645837402,0.0,0,Rookie/Cheap,1.2,2.25,-1.05
Jalen Milroe,QB,SEA,1566022,0.0,,0.0,0.0,0.0,0.0,,55.8,8.9,0.0,1.6660000000000004,-2.15,0.0,-6.44,0.0,0.0,4.8,14.510526315789477,18.19078947368421,22.1,1.6,-3.0,-3.0,-3.0,-3.0,-3.0,-3.0,-3.0,-3.0,-3.0,-3.0,-3.0,-3.0,-3.0,-3.0,-2.746867645837402,0.0,0,Rookie/Cheap,1.2,1.566022,-0.37
Jeff Driskel,QB,WAS,1255000,0.0,,0.0,0.0,0.0,0.0,,55.8,8.9,0.0,1.6660000000000004,0.0,0.0,0.0,7.579102564102565,2.556923076923077,4.8,14.510526315789477,18.19078947368421,22.1,-0.1,-3.0,-3.0,-3.0,-3.0,-3.0,-3.0,-3.0,-3.0,-3.0,-3.0,-3.0,-3.0,-3.0,-3.0,-2.746867645837402,0.0,0,Rookie/Cheap,1.2,1.255,-0.05
Easton Stick,QB,ATL,1170000,0.0,,0.0,0.0,0.0,0.0,,55.8,8.9,0.0,1.6660000000000004,0.0,0.0,0.0,7.579102564102565,2.556923076923077,4.8,14.510526315789477,18.19078947368421,22.1,0.1,-3.0,-3.0,-3.0,-3.0,-3.0,-3.0,-3.0,-3.0,-3.0,-3.0,-3.0,-3.0,-3.0,-3.0,-2.746867645837402,0.0,0,Rookie/Cheap,1.2,1.17,0.03
Brett Rypien,QB,MIN,1170000,0.0,nan,0.0,0.0,0.0,0.0,0.0,55.8,0.0,100.0,-2.0,0.0,0.0,0.0,7.579102564102565,2.556923076923077,4.8,14.510526315789477,18.19078947368421,22.1,0.1,-3.0,-3.0,-3.0,-3.0,-3.0,-3.0,-3.0,-3.0,-3.0,-3.0,-3.0,-3.0,-3.0,-3.0,-2.746867645837402,0.0,0,Rookie/Cheap,1.2,1.17,0.03
John Wolford,QB,MIN,1170000,0.0,,0.0,0.0,0.0,0.0,,55.8,8.9,0.0,1.6660000000000004,0.0,0.0,0.0,7.579102564102565,2.556923076923077,4.8,14.510526315789477,18.19078947368421,22.1,0.1,-3.0,-3.0,-3.0,-3.0,-3.0,-3.0,-3.0,-3.0,-3.0,-3.0,-3.0,-3.0,-3.0,-3.0,-2.746867645837402,0.0,0,Rookie/Cheap,1.2,1.17,0.03
Sean Clifford,QB,CIN,234000,0.0,,0.0,0.0,0.0,0.0,,55.8,8.9,0.0,1.6660000000000004,0.0,0.0,0.0,7.579102564102565,2.556923076923077,4.8,14.510526315789477,18.19078947368421,22.1,-0.5,-3.0,-3.0,-3.0,-3.0,-3.0,-3.0,-3.0,-3.0,-3.0,-3.0,-3.0,-3.0,-3.0,-3.0,-2.746867645837402,0.0,0,Rookie/Cheap,1.2,0.234,0.97
